1,2,3,4,5,6,7,8,9,10,11,12,13,14,15,16,17,18,19,20,21,22,23,24,25,26,27,28,29,30,31,32,33,34,35,36,37,38,39,40,41,42,43,44,45,46,47,48,49,50,51,52,53,54,55,56,57,58,59,60,61,62,63,64,65,66,67,68,69,70,71
,Номер таска,, ,MR-3900,MR-3900,MR-3900,MR-3900,MR-3900,MR-3900,MR-3900,MR-3900,MR-3900,MR-3900,MR-3900,MR-3900,MR-2075,MR-2075,MR-3462,MR-3462,MR-3764,MR-3764,MR-3764,MR-4009,MR-4009,MR-4044,MR-4044,MR-4044,MR-4044,MR-4044,MR-4044,MR-4044,MR-4044,MR-4044,MR-4044,MR-4042,MR-4081,MR-4081,MR-4081,MR-4085,MR-4085,MR-4085,MR-4085,MR-4085,MR-4085,MR-4085,MR-4085,MR-4085,MR-4085,MR-4085,MR-4085,MR-4111,MR-4111,MR-4111,MR-4111,MR-4111,MR-4111,MR-4111,MR-4111,MR-4111,MR-4111,MR-4111,MR-4272,MR-4272,MR-4272,MR-4272,MR-4272,MR-4272,MR-4272,MR-4193,MR-4193
,Период теста,, ,45689,45689,45689,45689,45689,45689,45689,45689,45689,45689,45689,45689,44197,44197,45323,45323,45566,45566,45566,май.25,май.25,июн.25,июн.25,июн.25,июн.25,июн.25,июн.25,июн.25,июн.25,июн.25,июн.25,май.25,июн.25,июл.25,авг.25,авг.25,авг.25,авг.25,авг.25,авг.25,авг.25,авг.25,авг.25,авг.25,авг.25,авг.25,авг.25,окт.25,окт.25,окт.25,окт.25,окт.25,окт.25,окт.25,окт.25,окт.25,окт.25,окт.25,нояб.25,нояб.25,нояб.25,нояб.25,нояб.25,нояб.25,нояб.25,окт.25,окт.25
,Продукт,, ,Поиск с Нейро,Поиск с Нейро,Поиск с Нейро,РК Гигачат,РК Гигачат,Поиск с Нейро,Поиск с Нейро,Поиск с Нейро,Поиск с Нейро,Поиск с Нейро,РК Гигачат,РК Гигачат,Яндекс.Поиск,Яндекс.Поиск,Я.Бро,Я.Бро,Я.Бро,Я.Бро,Я.Бро,Я.Бро,Я.Бро,Я.Бро,Я.Бро,Я.Бро,Я.Бро,Я.Бро,Я.Бро,Я.Бро,Я.Бро,Я.Бро,Я.Бро,Поиск с Алисой,Я.Бро,Я.Бро,Я.Бро,Я.Бро,Я.Бро,Я.Бро,Я.Бро,Я.Бро,Я.Бро,ВБ,ГигаЧат,ГигаЧат,Островок,Авиасэйлс,Суточно.ру,Финансы,Финансы,Финансы,Финансы,Финансы,Финансы,Финансы,Финансы,Финансы,Финансы,Финансы,Алиса AI,Алиса AI,Алиса AI,Алиса AI,Алиса AI,Chad AI,GigaChat,Яндекс с Алисой,Яндекс с Алисой
,Кампания / Название РК,, ,Нейро реально помогает,Нейро реально помогает,Нейро реально помогает,РК Гигачат,РК Гигачат,Нейро реально помогает,Нейро реально помогает,Нейро реально помогает,Нейро реально помогает,Нейро реально помогает,РК Гигачат,РК Гигачат,Яндекс.Поиск,Яндекс.Поиск,"РК ""Нейробраузер""","РК ""Нейробраузер""","РК ""ЕКОМ""","РК ""ЕКОМ""","РК ""ЕКОМ""","РК ""Нейропродуктивность"" (Always on)","РК ""Нейропродуктивность"" (Always on)","РК ""Нейропродуктивность"" (Always on)","РК ""Нейропродуктивность"" (Always on)","РК ""Нейропродуктивность"" (Always on)","РК ""Нейропродуктивность"" (Always on)","РК ""Нейропродуктивность"" (Always on)","РК ""Нейропродуктивность"" (Always on)","РК ""Нейропродуктивность"" (Always on)","РК ""Нейропродуктивность"" (Always on)","РК ""Нейропродуктивность"" (Always on)","РК ""Нейропродуктивность"" (Always on)",Яндекс с Алисой,"РК ""Нейропродуктивность"" (Always on)","РК ""Нейропродуктивность"" (Always on)",Кринж+ИИ VS продакшн,Кринж+ИИ VS продакшн,Кринж+ИИ VS продакшн,Кринж+ИИ VS продакшн,Кринж+ИИ VS продакшн,Кринж+ИИ VS продакшн,Кринж+ИИ VS продакшн,Кринж+ИИ VS продакшн,Кринж+ИИ VS продакшн,Кринж+ИИ VS продакшн,Кринж+ИИ VS продакшн,Кринж+ИИ VS продакшн,Кринж+ИИ VS продакшн,Выгодный Вклад,Выгодный Вклад,Выгодный Вклад,Выгодный Вклад,Вклад,Вклад,ОСАГО,ОСАГО,ОСАГО,ОСАГО,ОСАГО,Запуск 28.10,Запуск 28.10,Запуск 28.10,Запуск 28.10,Запуск 28.10,Запуск 28.10,Запуск 28.10,претест с актером,претест с ИИ
,скрин,,,,,,,,,,,,,,,,,,,,,,,,,,,,,,,,,,,,,,,,,,,,,,,,,,,,,,,,,,,,,,,,,,,,,
,Ролик / Название креатива,Вопрос / особенности,Среднее,Дино (детская комната),Пушистый кот,Хурма вяжет,Мама,Суперсила,Гупи,Диета,Кот,Поиск,Часы для бега,Помощь с креативом,Занять ребенка,"Все магазины, все товары. В Яндексе.","Где выбрать кроссовки по картинкам. Там, где найдется все. В Яндексе.",Человек-паук,Дедпул,Сплит,Кешбек,Промокоды,1 На коне Нейроредактор,2 Облако Перевод видео,3.1 На волне (пересказ видео)_10 сек,3.2 На волне (пересказ видео)_25 сек,4.1 По нотам (поиск с Алисой)_10 сек,4.2 По нотам (поиск с Алисой)_25 сек,5.1 Гора (Протект)_10 сек,5.2 Гора (Протект)_25 сек,6.1 Штаны (кешбэк)_10 сек,6.2 Штаны (Кешбэк)_25 сек,7.1 Крылья (Промокоды)_10 сек,7.2 Крылья (Промокоды)_25 сек,Яндекс с Алисой (ИИ реально помогает),Облако Продакшн,Облако ИИ,YB_Original_Perevod,YB_AI_Cringe,YB_AI_Pixar_Bus_Perevod,YB_Ambi_AI_Bus_Perevod,7 YB_AI_Vasya_Perevod,"5 Я.Бро (Пересказ, Оригинал)","4 Я.Бро (Пересказ, ИИ)",ВБ (Черная Пятница и Харламов),ГигаЧат1  (письмо простыми словами),1ГигаЧат(помощь с юр.доками),Островок (отсылка к белому лотосу),Авиасэйлс (Сочи),Суточно.ру (Квартиру сниму на Суточно.ру),Ленивец вклад,Ленивец вклад+строка,Кролик вклад,Кролик вклад+строка,Банки.ру вклад,Сравни вклад,Ленивец-строка,Ленивец,Банки,Банки 4000,Сравни,Алиса 30 сек,Алиса 15 сек,Алиса 15 сек Фото,Алиса 15 сек теннис,Алиса 15 сек учеба,Chad AI,телек сбера 20 сек,пак с актером,пак с ИИ
Интересно ли было смотреть ролик (топ-2),,Интересно ли было смотреть этот ролик? (от 1 до 5),0.7156547885,0.664,0.658,0.731,0.834,0.663,0.724,0.656,0.751,0.779,0.735,0.669,0.699,0.65,0.73,0.7472118959,0.7086466165,0.7004608295,0.7663551402,0.703196347,0.71,0.74,0.6,0.69,0.57,0.71,0.63,0.73,0.67,0.67,0.68,0.68,0.8,0.74,0.76,0.76,0.79,0.72,0.74,0.77,0.75,0.72,0.74,0.7,0.68,0.62,0.68,0.64,0.76,0.73,0.7,0.68,0.72,0.76,0.76,0.8,0.69,0.75,0.76,0.76,0.71,0.76,0.76,0.77,0.73,0.69,0.71,0.69
Нравится (топ-2),,"В целом, понравился ли вам этот ролик? (от 1 до 7)",0.5591538132,0.529,0.509,0.585,0.695,0.528,0.568,0.519,0.609,0.599,0.563,0.508,0.541,0.47,0.55,0.5650557621,0.5620300752,0.5460829493,0.6378504673,0.5091324201,0.56,0.59,0.42,0.52,0.4,0.54,0.48,0.58,0.47,0.51,0.52,0.53,0.64,0.57,0.66,0.6,0.63,0.56,0.6,0.65,0.58,0.58,0.56,0.54,0.49,0.45,0.54,0.51,0.6,0.54,0.55,0.52,0.55,0.61,0.63,0.64,0.6,0.59,0.62,0.59,0.55,0.67,0.58,0.57,0.53,0.52,0.55,0.55
Что НЕ понравилось,Музыка,Что вам НЕ понравилось в этом ролике?,0.07346854259,0.236,0.212,0.162,0.032,0.04,0.045,0.17,0.146,0.046,0.061,0.085,0.065,,,0.06691449814,0.08082706767,0.04838709677,0.03738317757,0.08447488584,0.07,0.08,0.06,0.08,0.08,0.06,0.1,0.07,0.07,0.06,0.05,0.07,0.06,0.02,0.06,0.06,0.07,0.06,0.02,0.05,0.08,0.09,0.06,0.07,0.07,0.11,0.16,0.1,0.05,0.04,0.06,0.06,0.05,0.05,0.06,0.05,0.06,0.06,0.04,0.08,0.09,0.11,0.07,0.1,0.09,0.06,0.1,0.05
,Голос за кадром / диктор,,0.07603470408,0.212,0.193,0.165,0.028,0.075,0.08,0.057,0.065,0.069,0.073,0.085,0.061,,,0.08921933086,0.1616541353,0.05760368664,0.03738317757,0.05936073059,0.05,0.06,0.11,0.06,0.06,0.03,0.07,0.03,0.06,0.05,0.03,0.03,0.04,0.06,0.06,0.06,0.19,0.08,0.05,0.07,0.05,0.04,0.05,0.06,0.06,0.04,0.11,0.06,0.1,0.13,0.17,0.15,0.07,0.05,0.11,0.1,0.13,0.08,0.06,0.05,0.06,0.06,0.08,0.07,0.05,0.06,0.07,0.14
,Видеоряд в целом,,0.0802519984,0.108,0.086,0.077,0.056,0.06,0.068,0.098,0.065,0.103,0.08,0.077,0.065,,,0.09479553903,0.09586466165,0.0668202765,0.06775700935,0.09589041096,0.07,0.07,0.17,0.09,0.13,0.07,0.09,0.06,0.08,0.08,0.07,0.06,0.08,0.06,0.06,0.06,0.08,0.1,0.05,0.06,0.06,0.06,0.08,0.07,0.07,0.13,0.13,0.15,0.05,0.04,0.1,0.09,0.05,0.09,0.06,0.06,0.07,0.08,0.07,0.07,0.08,0.06,0.1,0.07,0.07,0.09,0.12,0.12
,Цветовая гамма,,0.06472216272,0.077,0.067,0.054,0.028,0.071,0.049,0.083,0.061,0.057,0.057,0.105,0.085,,,0.08364312268,0.09586466165,0.05760368664,0.06308411215,0.1050228311,0.06,0.05,0.05,0.07,0.08,0.06,0.07,0.03,0.07,0.07,0.02,0.04,0.09,0.05,0.03,0.04,0.04,0.1,0.04,0.04,0.04,0.05,0.13,0.06,0.03,0.07,0.06,0.05,0.04,0.09,0.03,0.12,0.07,0.09,0.11,0.06,0.06,0.06,0.14,0.06,0.06,0.1,0.07,0.04,0.04,0.11,0.04,0.04
,Текст / надписи,,0.04151549862,0.05,0.033,0.054,0.044,0.032,0.027,0.064,0.034,0.046,0.046,0.077,0.045,,,0.03717472119,0.04323308271,0.03686635945,0.02803738318,0.0296803653,0.04,0.03,0.06,0.03,0.04,0.03,0.05,0.02,0.04,0.04,0.02,0.02,0.04,0.06,0.03,0.04,0.04,0.03,0.03,0.02,0.04,0.03,0.03,0.05,0.05,0.03,0.11,0.03,0.02,0.03,0.03,0.04,0.04,0.04,0.03,0.03,0.03,0.05,0.02,0.06,0.1,0.04,0.08,0.07,0.06,0.04,0.04,0.05
,Фоновые звуки,,0.06504335602,0.124,0.115,0.092,0.04,0.028,0.076,0.095,0.142,0.042,0.08,0.044,0.041,,,0.0780669145,0.09586466165,0.05069124424,0.04205607477,0.04109589041,0.08,0.08,0.14,0.1,0.07,0.06,0.06,0.05,0.06,0.04,0.03,0.06,0.04,0.07,0.05,0.06,0.07,0.07,0.06,0.05,0.06,0.06,0.06,0.05,0.09,0.1,0.06,0.06,0.03,0.05,0.06,0.07,0.03,0.04,0.06,0.04,0.07,0.06,0.04,0.08,0.09,0.06,0.07,0.07,0.07,0.08,0.09,0.06
,Главные герои / Персонажи,,0.07637646325,0.108,0.052,0.062,0.048,0.012,0.061,0.133,0.065,0.069,0.011,0.016,0.041,,,0.07249070632,0.09398496241,0.05529953917,0.06074766355,0.1255707763,0.11,0.11,0.11,0.09,0.13,0.16,0.06,0.05,0.09,0.09,0.04,0.07,0.03,0.07,0.06,0.06,0.05,0.11,0.06,0.06,0.08,0.07,0.12,0.05,0.07,0.2,0.19,0.14,0.09,0.08,0.1,0.14,0.02,0.08,0.13,0.09,0.02,0.02,0.03,0.03,0.06,0.05,0.06,0.05,0.07,0.09,0.1,0.07
,Сюжет,,0.1158333333,,,,,,,,,,,,,,,,,,,,0.13,0.14,0.17,0.14,0.17,0.17,0.14,0.09,0.15,0.18,0.09,0.1,0.08,0.11,0.08,0.1,0.09,0.1,0.08,0.11,0.1,0.12,0.13,0.1,0.12,0.23,0.14,0.19,0.07,0.08,0.11,0.12,0.09,0.07,0.09,0.08,0.06,0.08,0.08,0.09,0.1,0.1,0.16,0.11,0.09,0.15,0.14,0.14
,Не понял(а) смысл,,0.05010852137,0.151,0.13,0.115,0.075,0.063,0.03,0.114,0.119,0.034,0.057,0.077,0.122,,,0.06505576208,0.08834586466,0.03917050691,0.06074766355,0.07762557078,0.07,0.04,0.08,0.04,0.07,0.04,0.09,0.04,0.07,0.05,0.06,0.05,0.08,0.04,0.03,0.04,0.03,0.04,0.03,0.03,0.05,0.04,0.02,0.07,0.05,0.05,0.02,0.03,0.01,0.03,0.03,0.03,0.01,0.02,0.01,0,0.01,0.01,0.01,0.03,0.04,0.05,0.05,0.01,0.05,0.04,0.08,0.07
,Не актуально для меня,,0.1248380811,0.108,0.112,0.119,0.111,0.187,0.102,0.182,0.115,0.13,0.134,0.141,0.154,,,0.1356877323,0.1146616541,0.1866359447,0.1635514019,0.1621004566,0.13,0.11,0.17,0.15,0.14,0.16,0.14,0.12,0.14,0.15,0.11,0.17,0.08,0.13,0.1,0.12,0.08,0.1,0.14,0.1,0.12,0.12,0.08,0.15,0.14,0.13,0.17,0.15,0.11,0.11,0.08,0.1,0.12,0.11,0.07,0.07,0.1,0.08,0.07,0.11,0.13,0.09,0.1,0.13,0.12,0.16,0.15,0.13
,Всё понравилось,,0.5626655175,0.475,0.439,0.515,0.683,0.575,0.602,0.439,0.525,0.645,0.563,0.585,0.585,,,0.5817843866,0.5319548872,0.6105990783,0.6191588785,0.5410958904,0.51,0.58,0.38,0.51,0.43,0.54,0.49,0.62,0.5,0.51,0.62,0.58,0.68,0.55,0.64,0.59,0.56,0.55,0.65,0.64,0.59,0.54,0.56,0.55,0.51,0.43,0.49,0.48,0.61,0.54,0.57,0.52,0.63,0.59,0.6,0.64,0.61,0.65,0.65,0.59,0.53,0.6,0.55,0.62,0.59,0.56,0.53,0.51
Что понравилось,Музыка,Что вам понравилось в этом ролике?,0.3599653399,0.444,0.39,0.454,0.579,0.385,0.379,0.352,0.395,0.427,0.41,0.375,0.443,,,0.3773234201,0.3477443609,0.4101382488,0.4626168224,0.4109589041,0.29,0.29,0.31,0.34,0.3,0.38,0.37,0.36,0.34,0.36,0.41,0.37,0.38,0.31,0.36,0.34,0.35,0.35,0.32,0.37,0.37,0.34,0.34,0.25,0.35,0.29,0.52,0.5,0.3,0.3,0.26,0.23,0.3,0.26,0.32,0.33,0.31,0.32,0.23,0.45,0.37,0.38,0.48,0.42,0.42,0.29,0.4,0.21
,Голос за кадром / диктор,,0.3564174909,0.255,0.193,0.269,0.369,0.516,0.439,0.235,0.272,0.496,0.475,0.472,0.451,,,0.3587360595,0.3364661654,0.4055299539,0.3808411215,0.3721461187,0.29,0.28,0.3,0.33,0.35,0.31,0.37,0.32,0.37,0.31,0.36,0.37,0.42,0.26,0.33,0.35,0.33,0.33,0.32,0.3,0.36,0.36,0.25,0.36,0.31,0.31,0.31,0.19,0.36,0.35,0.35,0.32,0.47,0.43,0.35,0.38,0.34,0.45,0.41,0.47,0.4,0.4,0.4,0.44,0.41,0.28,0.33,0.38
,Видеоряд в целом,,0.4002874145,0.405,0.364,0.4,0.556,0.401,0.496,0.386,0.448,0.515,0.494,0.415,0.455,,,0.4776951673,0.4793233083,0.4216589862,0.4556074766,0.404109589,0.36,0.41,0.3,0.37,0.3,0.37,0.35,0.37,0.31,0.31,0.35,0.41,0.49,0.41,0.41,0.4,0.48,0.4,0.43,0.41,0.46,0.45,0.39,0.39,0.35,0.27,0.42,0.33,0.39,0.38,0.36,0.3,0.4,0.36,0.36,0.36,0.36,0.41,0.39,0.46,0.42,0.42,0.42,0.43,0.41,0.39,0.38,0.35
,Цветовая гамма,,0.3995702739,0.514,0.361,0.515,0.373,0.587,0.402,0.307,0.395,0.401,0.464,0.488,0.455,,,0.5,0.5018796992,0.465437788,0.6144859813,0.3926940639,0.25,0.37,0.35,0.36,0.29,0.37,0.37,0.37,0.33,0.4,0.43,0.42,0.45,0.38,0.46,0.36,0.49,0.47,0.43,0.48,0.35,0.41,0.3,0.31,0.37,0.34,0.39,0.44,0.37,0.39,0.4,0.28,0.47,0.3,0.37,0.37,0.36,0.38,0.35,0.4,0.51,0.39,0.48,0.45,0.42,0.31,0.31,0.3
,Текст / надписи,,0.2081208377,0.266,0.23,0.235,0.25,0.298,0.288,0.197,0.238,0.351,0.264,0.25,0.297,,,0.2063197026,0.2368421053,0.1889400922,0.1518691589,0.2077625571,0.16,0.15,0.19,0.15,0.17,0.17,0.17,0.15,0.14,0.17,0.16,0.19,0.26,0.14,0.16,0.2,0.23,0.14,0.15,0.17,0.18,0.19,0.16,0.21,0.18,0.14,0.2,0.17,0.23,0.23,0.23,0.16,0.26,0.24,0.26,0.26,0.28,0.35,0.27,0.2,0.21,0.23,0.23,0.26,0.17,0.15,0.18,0.18
,Фоновые звуки,,0.2452864504,0.255,0.201,0.285,0.413,0.325,0.341,0.254,0.272,0.347,0.284,0.294,0.289,,,0.2360594796,0.2612781955,0.2718894009,0.3738317757,0.2602739726,0.22,0.22,0.19,0.24,0.22,0.21,0.2,0.24,0.21,0.23,0.28,0.24,0.26,0.22,0.25,0.23,0.25,0.23,0.22,0.22,0.28,0.26,0.27,0.2,0.2,0.16,0.2,0.21,0.2,0.22,0.19,0.18,0.24,0.22,0.22,0.25,0.18,0.26,0.23,0.3,0.25,0.29,0.28,0.25,0.24,0.21,0.25,0.17
,Главные герои / Персонажи,,0.2914983075,0.363,0.606,0.4,0.611,0.067,0.231,0.352,0.487,0.29,0.126,0.109,0.159,,,0.2416356877,0.2556390977,0.2281105991,0.3317757009,0.3607305936,0.26,0.33,0.2,0.22,0.2,0.27,0.24,0.26,0.17,0.24,0.25,0.28,0.13,0.33,0.39,0.36,0.36,0.39,0.4,0.4,0.3,0.3,0.48,0.25,0.28,0.29,0.23,0.39,0.38,0.43,0.33,0.25,0.14,0.19,0.38,0.41,0.09,0.15,0.11,0.28,0.25,0.36,0.33,0.31,0.24,0.41,0.31,0.25
,Сюжет,,0.42125,,,,,,,,,,,,,,,,,,,,0.45,0.45,0.32,0.44,0.34,0.47,0.39,0.52,0.38,0.38,0.39,0.46,0.4,0.45,0.51,0.46,0.51,0.43,0.53,0.49,0.47,0.44,0.54,0.42,0.37,0.35,0.42,0.32,0.38,0.39,0.38,0.31,0.4,0.47,0.42,0.4,0.36,0.38,0.36,0.41,0.35,0.56,0.38,0.48,0.42,0.49,0.42,0.36
,Актуально для меня,,0.2132328005,0.178,0.167,0.142,0.282,0.187,0.258,0.246,0.184,0.298,0.195,0.185,0.252,,,0.2360594796,0.2293233083,0.1543778802,0.1518691589,0.1392694064,0.2,0.19,0.15,0.16,0.14,0.18,0.17,0.18,0.15,0.17,0.19,0.21,0.24,0.19,0.19,0.24,0.21,0.18,0.23,0.2,0.22,0.22,0.17,0.25,0.19,0.11,0.13,0.14,0.28,0.24,0.3,0.27,0.25,0.33,0.32,0.3,0.27,0.32,0.32,0.2,0.2,0.3,0.19,0.25,0.28,0.15,0.2,0.17
,Ничего НЕ понравилось,,0.1065956896,0.158,0.074,0.088,0.067,0.115,0.095,0.178,0.084,0.069,0.057,0.105,0.126,,,0.1059479554,0.1334586466,0.1313364055,0.07009345794,0.1232876712,0.14,0.11,0.2,0.14,0.17,0.16,0.13,0.1,0.14,0.14,0.1,0.12,0.06,0.09,0.05,0.1,0.07,0.11,0.08,0.09,0.1,0.1,0.1,0.13,0.13,0.17,0.16,0.12,0.09,0.08,0.08,0.11,0.07,0.08,0.08,0.06,0.13,0.09,0.07,0.11,0.11,0.08,0.07,0.08,0.1,0.14,0.13,0.13
Понятность идеи (топ-1),,Насколько ролик понятен и прост для понимания? (от 1 до 5),0.6322579105,0.525,0.532,0.554,0.69,0.583,0.602,0.553,0.648,0.641,0.609,0.573,0.602,,,0.592936803,0.5488721805,0.6451612903,0.6074766355,0.5730593607,0.61,0.65,0.47,0.59,0.57,0.61,0.52,0.62,0.55,0.6,0.64,0.63,0.65,0.86,0.89,0.69,0.71,0.65,0.73,0.69,0.63,0.61,0.73,0.58,0.55,0.51,0.68,0.71,0.63,0.61,0.62,0.6,0.63,0.71,0.68,0.67,0.66,0.71,0.72,0.65,0.61,0.71,0.65,0.78,0.62,0.64,0.55,0.53
Актуальность (топ-2),,"Насколько то, что рассказывается в этой рекламе, актуально и близко для вас? (от 1 до 5)",0.6664027678,0.634,0.606,0.719,0.69,0.611,0.769,0.607,0.667,0.748,0.744,0.553,0.593,0.63,0.66,0.6542750929,0.6127819549,0.5529953917,0.6682242991,0.6073059361,0.57,0.69,0.53,0.59,0.55,0.6,0.62,0.66,0.57,0.57,0.67,0.65,0.78,0.66,0.67,0.69,0.66,0.69,0.69,0.71,0.66,0.66,0.74,0.6,0.57,0.5,0.56,0.55,0.77,0.76,0.68,0.75,0.72,0.8,0.83,0.87,0.79,0.8,0.85,0.68,0.66,0.72,0.72,0.68,0.67,0.62,0.64,0.62
Уникальность (топ-2),,"Насколько эта реклама отличается от другой рекламы, которую вы видите по ТВ и в интернете? (от 1 до 5)",0.6089181249,0.652,0.613,0.677,0.699,0.571,0.61,0.572,0.625,0.618,0.652,0.605,0.626,0.5,0.58,0.6226765799,0.6184210526,0.5529953917,0.6308411215,0.5456621005,0.61,0.66,0.51,0.54,0.47,0.6,0.51,0.63,0.55,0.55,0.57,0.53,0.66,0.63,0.64,0.68,0.73,0.68,0.69,0.71,0.64,0.61,0.56,0.6,0.57,0.54,0.65,0.56,0.66,0.61,0.6,0.58,0.53,0.62,0.66,0.7,0.6,0.64,0.66,0.61,0.6,0.71,0.62,0.61,0.62,0.55,0.59,0.62
Узнаваемость бренда в ролике (топ-2),,"""Я бы понял(а), что этот ролик про ХХХ, даже если бы это название не упоминали в ролике"" (от 1 до 7)",0.4745601536,0.447,0.465,0.508,0.357,0.365,0.549,0.466,0.509,0.561,0.548,0.339,0.305,,,0.4814126394,0.469924812,0.4631336406,0.441588785,0.4337899543,0.5,0.52,0.45,0.5,0.43,0.5,0.42,0.43,0.42,0.45,0.51,0.46,0.64,0.5,0.51,0.52,0.52,0.47,0.51,0.52,0.57,0.53,0.54,0.38,0.38,0.33,0.47,0.49,0.46,0.42,0.46,0.52,0.39,0.51,0.57,0.57,0.48,0.53,0.58,0.46,0.47,0.48,0.52,0.52,0.29,0.35,0.56,0.5
Какая из этих фраз лучше всего характеризует эту рекламу?,"Невозможно забыть, что рекламируется именно ХХХ",Какая из этих фраз лучше всего характеризует эту рекламу?,0.2233566242,0.255,0.245,0.219,0.21,0.171,0.254,0.189,0.192,0.229,0.215,0.194,0.199,,,0.2267657993,0.1917293233,0.1958525346,0.1962616822,0.1872146119,0.22,0.22,0.21,0.2,0.21,0.22,0.2,0.18,0.2,0.2,0.22,0.18,0.28,0.21,0.2,0.24,0.23,0.21,0.22,0.29,0.24,0.21,0.26,0.2,0.2,0.17,0.28,0.36,0.21,0.2,0.2,0.25,0.18,0.22,0.25,0.29,0.24,0.27,0.32,0.25,0.26,0.26,0.25,0.25,0.13,0.17,0.28,0.24
,"Ролик достаточно хорошо помогает запомнить, что рекламируется именно ХХХ",,0.4973250726,0.409,0.442,0.504,0.44,0.504,0.549,0.413,0.54,0.508,0.54,0.423,0.496,,,0.5371747212,0.5056390977,0.4746543779,0.5023364486,0.5,0.45,0.51,0.42,0.5,0.42,0.48,0.46,0.51,0.46,0.47,0.47,0.5,0.51,0.53,0.55,0.52,0.57,0.53,0.54,0.5,0.53,0.5,0.49,0.46,0.5,0.46,0.43,0.49,0.49,0.52,0.53,0.51,0.54,0.55,0.51,0.53,0.51,0.48,0.47,0.55,0.51,0.58,0.52,0.61,0.46,0.42,0.46,0.44
,"Ролик недостаточно хорошо помогает запомнить, что рекламируется именно ХХХ",,0.09899890488,0.162,0.097,0.108,0.155,0.099,0.08,0.148,0.092,0.08,0.1,0.161,0.093,,,0.08550185874,0.1127819549,0.1059907834,0.07710280374,0.1415525114,0.11,0.1,0.14,0.06,0.12,0.08,0.1,0.09,0.12,0.07,0.12,0.1,0.1,0.09,0.08,0.08,0.07,0.08,0.09,0.07,0.06,0.09,0.07,0.12,0.1,0.11,0.09,0.05,0.16,0.08,0.1,0.13,0.13,0.1,0.09,0.09,0.08,0.1,0.1,0.08,0.1,0.05,0.11,0.05,0.13,0.18,0.08,0.1
,Это может быть реклама любых сервисов бренда,,0.1090510371,0.089,0.1,0.1,0.079,0.147,0.133,0.117,0.088,0.149,0.107,0.085,0.069,,,0.07620817844,0.1071428571,0.1359447005,0.1355140187,0.100456621,0.15,0.1,0.12,0.15,0.16,0.14,0.16,0.13,0.13,0.15,0.13,0.12,0.1,0.11,0.09,0.09,0.09,0.11,0.09,0.11,0.12,0.14,0.13,0.12,0.12,0.13,0.11,0.06,0.07,0.14,0.09,0.06,0.12,0.1,0.09,0.06,0.1,0.09,0.07,0.07,0.09,0.06,0.06,0.06,0.24,0.09,0.11,0.12
,Это может быть реклама чего угодно,,0.07248711118,0.085,0.115,0.069,0.115,0.079,0.045,0.133,0.088,0.034,0.038,0.137,0.142,,,0.07434944238,0.08270676692,0.08755760369,0.08878504673,0.07077625571,0.07,0.07,0.1,0.08,0.09,0.07,0.09,0.09,0.1,0.1,0.07,0.1,0.02,0.06,0.08,0.07,0.04,0.07,0.06,0.04,0.06,0.07,0.05,0.1,0.08,0.12,0.09,0.04,0.06,0.06,0.08,0.06,0.03,0.03,0.06,0.03,0.06,0.05,0.04,0.06,0.05,0.05,0.06,0.03,0.04,0.15,0.07,0.09
Соответствует представлению о бренде (топ-2),,Насколько такая реклама соответствует вашему представлению об этом бренде? (от 1 до 5),0.6867441752,0.625,0.598,0.712,0.623,0.607,0.738,0.606,0.666,0.729,0.731,0.577,0.578,,,0.7137546468,0.6616541353,0.6428571429,0.6682242991,0.6301369863,0.68,0.73,0.59,0.67,0.6,0.69,0.59,0.66,0.64,0.61,0.71,0.68,0.8,0.71,0.74,0.72,0.77,0.7,0.74,0.77,0.73,0.72,0.75,0.6,0.59,0.49,0.61,0.67,0.71,0.71,0.72,0.71,0.73,0.74,0.73,0.78,0.73,0.75,0.78,0.75,0.73,0.79,0.71,0.82,0.61,0.61,0.71,0.69
Отношение к бренду после ролика улучшилось (топ-2),,Как изменилось ваше отношение к ХХХ после просмотра этого ролика?,0.5581499326,0.556,0.506,0.634,0.599,0.498,0.656,0.527,0.587,0.649,0.655,0.521,0.549,,,0.6078066914,0.5620300752,0.4953917051,0.5630841121,0.502283105,0.52,0.61,0.46,0.49,0.4,0.5,0.48,0.57,0.45,0.49,0.51,0.52,0.63,0.6,0.59,0.65,0.6,0.57,0.6,0.64,0.6,0.55,0.45,0.55,0.52,0.4,0.48,0.51,0.59,0.56,0.55,0.52,0.52,0.65,0.58,0.65,0.59,0.64,0.64,0.62,0.55,0.65,0.61,0.6,0.55,0.53,0.55,0.52
Захотелось приобрести / воспользоваться (топ-1),,"Если бы вы увидели такую рекламу по ТВ или в интернете, захотелось бы вам воспользоваться ХХХ?",0.3938185965,0.413,0.353,0.404,0.444,0.343,0.485,0.371,0.429,0.454,0.452,0.371,0.378,0.61,0.66,0.4330855019,0.3928571429,0.2995391705,0.3714953271,0.3310502283,0.38,0.44,0.34,0.38,0.29,0.37,0.33,0.36,0.29,0.32,0.37,0.38,0.44,0.43,0.47,0.47,0.41,0.4,0.44,0.46,0.43,0.39,0.39,0.38,0.31,0.27,0.36,0.35,0.37,0.33,0.39,0.38,0.29,0.38,0.43,0.45,0.35,0.36,0.44,0.44,0.41,0.47,0.42,0.45,0.36,0.28,0.41,0.35
Опциональные показатели,,,,,,,,,,,,,,,,,,,,,,,,,,,,,,,,,,,,,,,,,,,,,,,,,,,,,,,,,,,,,,,,,,,,,,
Желание использовать чаще (среди пользователей),,"(Как вы думаете, как этот ролик повлияет на ваше использование Яндекс Браузера?, топ-1 - Стану пользоваться чаще)",0.3059474074,,,,,,,,,,,,,,,,,0.2382550336,0.2993421053,0.2508250825,0.34,0.33,0.24,0.28,0.24,0.26,0.26,0.28,0.24,0.25,0.28,0.29,,0.31,0.32,0.37,0.34,0.31,0.3,0.39,0.37,0.3,0.23,0.47,0.37,0.35,0.34,0.33,,,,,,,,,,,,,,,,,,,,
Желание скачать / начать использовать (среди непользователей),,"Как вы думаете, как этот ролик повлияет на ваше желание установить и начать использовать Яндекс Браузер?, топ-1 - Точно скачаю и начну пользоваться",0.06882121505,,,,,,,,,,,,,,,,,0.09558823529,0.1209677419,0.05925925926,,0.05,0.08,0.1,0.02,0.04,0.05,0.05,0.02,0.09,0.04,0.03,,0.06,0.06,0.05,0.08,0.05,0.02,0.14,0.1,0.07,0.05,0.14,0.06,0.09,0.12,0.06,,,,,,,,,,,,,,,,,,,,
Возможности/функции правильный ответ,,"Какие функции или возможности рекламировались в этом ролике? (список ответов: правильные ответы + неправильные, но что пользователь потенциально мог считать из рекламы)",0.5443428401,,,,,,,,,,,,,,,,,0.6889400922,0.4369158879,0.3744292237,0.52,0.74,0.36,0.43,0.37,0.43,0.5,0.54,0.53,0.56,0.59,0.61,,,,0.74,0.78,0.72,0.72,0.73,0.51,0.44,0.66,0.29,0.51,0.56,0.66,0.76,,,,,,,,,,,,,,,,,,,0.26,0.31
Возможности/функции НЕправильный ответ,,"Какие функции или возможности рекламировались в этом ролике? (список ответов: правильные ответы + неправильные, но что пользователь потенциально мог считать из рекламы)",0.2369676304,,,,,,,,,,,,,,,,,0.1451612903,0.3014018692,0.3424657534,0.3,0.1,0.25,0.28,0.29,0.26,0.26,0.32,0.2,0.25,0.07,0.2,,,,0.13,0.09,0.1,0.09,0.1,0.26,0.28,0.07,0.11,0.14,0.15,0.47,0.12,,,,,,,,,,,,,,,,,,,0.74,0.69
Верно назвали бренд (открытый вопрос),,"Какой бренд рекламировался в этой рекламе? (открытый вопрос,правильные и близкие к правильным ответы, например, для Я.Бро - Яндекс, Браузер, Поиск Яндекса и т.д.)",0.7099308872,0.7931034483,0.7472118959,0.7846153846,0.6904761905,0.8412698413,0.8977272727,0.7689393939,0.8275862069,0.9236641221,0.8735632184,0.6774193548,0.6585365854,,,0.8494423792,0.8552631579,0.82,0.79,0.87,0.85,0.8,0.81,0.83,0.86,0.86,0.82,0.84,0.84,0.77,0.88,0.81,0.92,,,0.22,0.28,0.21,0.21,0.27,0.2,0.16,0.72,0.36,0.39,0.81,0.76,0.84,0.84,0.89,0.88,0.92,0.87,0.82,0.8,0.77,0.82,0.8,0.72,0.6,0.68,0.66,0.63,0.62,0.1,0.75,0.85,0.8
Верно назвали продукт / фичу (открытый вопрос),,А какой именно продукт или его возможность? (открытый вопрос),0.5701459166,0.7567567568,0.7063197026,0.6961538462,0.5537848606,0.6666666667,0.7878787879,0.6515151515,0.7394636015,0.8396946565,0.785440613,0.564516129,0.6422764228,,,0.6468401487,0.6484962406,0.72,0.48,0.51,0.72,0.63,0.49,0.63,0.68,0.72,0.7,0.77,0.66,0.61,0.68,0.56,0.83,,,0.33,0.32,0.33,0.35,0.3,0.28,0.23,0.58,0.29,0.48,0.25,0.31,0.21,0.56,0.62,0.51,0.54,0.37,0.61,0.76,0.74,0.82,0.92,0.9,0.64,0.65,0.66,0.64,0.71,0.1,0.46,0.23,0.33
Эмоциональное восприятие (пары высказываний),"Лаконичный, простой, понятный","Какие ассоциации у вас возникают с Яндекс Браузером после просмотра ролика? Из каждой пары выберите только одно высказывание, которое больше подходит Яндекс Браузеру.",0.7292310701,0.625,0.621,0.704,0.718,0.677,0.75,0.678,0.724,0.744,0.759,0.617,0.679,,,0.6505576208,0.5996240602,0.6912442396,0.7102803738,0.6780821918,0.7,0.71,0.61,0.72,0.66,0.75,0.7,0.73,0.66,0.67,0.77,0.77,0.76,0.72,0.77,0.76,0.76,0.77,0.76,0.75,0.73,0.7,0.73,0.65,0.64,0.55,0.66,0.77,0.8,0.77,0.81,0.76,0.82,0.84,0.8,0.8,0.8,0.81,0.85,0.77,0.79,0.81,0.74,0.87,0.73,0.73,0.72,0.72
,"Загроможденный, сложный",,0.1069099472,0.208,0.126,0.135,0.091,0.108,0.102,0.129,0.115,0.115,0.103,0.157,0.13,,,0.1654275093,0.2236842105,0.09907834101,0.07943925234,0.09360730594,0.12,0.09,0.2,0.12,0.14,0.1,0.1,0.08,0.12,0.12,0.06,0.08,0.11,0.1,0.09,0.08,0.12,0.07,0.06,0.08,0.11,0.12,0.12,0.13,0.12,0.22,0.14,0.08,0.06,0.09,0.11,0.09,0.07,0.05,0.07,0.08,0.07,0.07,0.06,0.14,0.12,0.06,0.12,0.05,0.1,0.11,0.13,0.14
Эмоциональное восприятие (пары высказываний),"Инновационный, современный",,0.7475527495,0.745,0.714,0.735,0.79,0.757,0.758,0.682,0.762,0.802,0.789,0.722,0.728,,,0.7843866171,0.7593984962,0.698156682,0.7126168224,0.6598173516,0.71,0.75,0.65,0.75,0.63,0.77,0.71,0.76,0.68,0.68,0.75,0.74,0.86,0.77,0.81,0.77,0.82,0.81,0.82,0.8,0.79,0.8,0.68,0.7,0.73,0.57,0.67,0.69,0.78,0.73,0.75,0.75,0.73,0.72,0.76,0.78,0.72,0.69,0.75,0.86,0.84,0.82,0.79,0.87,0.78,0.76,0.72,0.72
,"Отсталый, устаревший",,0.07604909029,0.081,0.086,0.112,0.06,0.06,0.061,0.133,0.088,0.069,0.061,0.065,0.081,,,0.06319702602,0.05827067669,0.06912442396,0.05607476636,0.08447488584,0.07,0.07,0.11,0.08,0.11,0.05,0.09,0.06,0.08,0.08,0.05,0.05,0.06,0.07,0.05,0.06,0.04,0.05,0.05,0.04,0.05,0.05,0.11,0.1,0.06,0.13,0.12,0.08,0.05,0.1,0.13,0.08,0.07,0.13,0.09,0.06,0.1,0.12,0.1,0.05,0.07,0.05,0.09,0.04,0.06,0.06,0.11,0.08
Эмоциональное восприятие (пары высказываний),Яркий,,0.7346843769,0.761,0.747,0.777,0.718,0.657,0.705,0.636,0.724,0.775,0.743,0.633,0.659,,,0.8104089219,0.7763157895,0.7119815668,0.7827102804,0.6643835616,0.69,0.75,0.67,0.75,0.68,0.75,0.67,0.74,0.71,0.7,0.76,0.76,0.85,0.78,0.81,0.78,0.85,0.82,0.8,0.8,0.76,0.78,0.72,0.64,0.69,0.71,0.71,0.8,0.75,0.72,0.71,0.71,0.73,0.63,0.74,0.79,0.63,0.65,0.71,0.78,0.79,0.78,0.79,0.81,0.73,0.65,0.76,0.71
,Скучный,,0.121081218,0.116,0.119,0.135,0.115,0.167,0.121,0.208,0.138,0.103,0.138,0.202,0.203,,,0.07434944238,0.08458646617,0.09216589862,0.05841121495,0.1506849315,0.11,0.08,0.15,0.11,0.14,0.1,0.15,0.08,0.09,0.11,0.09,0.08,0.08,0.09,0.09,0.07,0.07,0.07,0.07,0.07,0.09,0.09,0.15,0.16,0.12,0.13,0.14,0.09,0.11,0.15,0.15,0.15,0.16,0.19,0.15,0.12,0.18,0.19,0.14,0.12,0.11,0.1,0.11,0.1,0.12,0.18,0.11,0.13
Эмоциональное восприятие (пары высказываний),"Заботливый, помогающий",,0.6878985831,0.618,0.595,0.696,0.798,0.586,0.727,0.659,0.701,0.748,0.678,0.544,0.622,,,0.6933085502,0.6127819549,0.633640553,0.6658878505,0.595890411,0.65,0.68,0.59,0.67,0.58,0.7,0.66,0.76,0.6,0.62,0.71,0.73,0.76,0.7,0.76,0.71,0.73,0.71,0.73,0.74,0.73,0.7,0.68,0.62,0.64,0.5,0.62,0.61,0.73,0.71,0.69,0.69,0.75,0.77,0.75,0.78,0.74,0.72,0.79,0.75,0.77,0.75,0.7,0.82,0.66,0.68,0.67,0.66
,"Чужой, отстраненный",,0.08128509792,0.139,0.097,0.096,0.063,0.12,0.068,0.11,0.073,0.08,0.1,0.169,0.15,,,0.08364312268,0.1015037594,0.07603686636,0.05373831776,0.09132420091,0.08,0.09,0.14,0.07,0.09,0.08,0.08,0.04,0.09,0.08,0.04,0.05,0.07,0.08,0.05,0.06,0.06,0.08,0.06,0.04,0.05,0.05,0.07,0.11,0.09,0.15,0.11,0.1,0.05,0.07,0.11,0.07,0.05,0.06,0.06,0.07,0.08,0.08,0.05,0.07,0.07,0.07,0.09,0.06,0.08,0.12,0.1,0.1
Эмоциональное восприятие (пары высказываний),"Вселяющий уверенность, надежный",,0.666061203,0.598,0.576,0.654,0.714,0.594,0.678,0.591,0.663,0.733,0.663,0.565,0.602,,,0.6728624535,0.6334586466,0.6175115207,0.6214953271,0.6095890411,0.64,0.66,0.57,0.67,0.58,0.7,0.62,0.71,0.62,0.58,0.67,0.66,0.75,0.68,0.75,0.7,0.73,0.69,0.69,0.74,0.69,0.67,0.66,0.6,0.61,0.53,0.65,0.66,0.68,0.68,0.66,0.67,0.72,0.68,0.71,0.75,0.7,0.69,0.77,0.76,0.7,0.71,0.67,0.79,0.66,0.61,0.7,0.65
,"Сомнительный, вызывающий недоверие",,0.1107597931,0.205,0.104,0.169,0.095,0.151,0.095,0.186,0.111,0.088,0.119,0.181,0.163,,,0.1022304833,0.1390977444,0.08986175115,0.09813084112,0.1073059361,0.1,0.1,0.14,0.09,0.13,0.1,0.1,0.07,0.11,0.14,0.06,0.09,0.08,0.1,0.08,0.08,0.08,0.08,0.08,0.06,0.1,0.09,0.12,0.14,0.13,0.18,0.14,0.1,0.11,0.13,0.15,0.1,0.13,0.11,0.09,0.1,0.1,0.11,0.08,0.07,0.11,0.08,0.13,0.07,0.13,0.17,0.12,0.13
Эмоциональное восприятие (пары высказываний),"Оптимистичный, воодушевляющий",,0.7203012649,0.714,0.688,0.735,0.738,0.641,0.739,0.64,0.732,0.767,0.732,0.613,0.654,,,0.7620817844,0.6973684211,0.6543778802,0.726635514,0.6598173516,0.68,0.71,0.63,0.72,0.65,0.73,0.67,0.71,0.69,0.68,0.76,0.75,0.82,0.74,0.77,0.76,0.8,0.79,0.78,0.78,0.73,0.74,0.71,0.64,0.67,0.65,0.7,0.75,0.76,0.69,0.71,0.69,0.78,0.72,0.74,0.78,0.67,0.7,0.76,0.8,0.75,0.79,0.75,0.8,0.73,0.67,0.73,0.69
,"Унылый, тоскливый",,0.10199711,0.085,0.074,0.123,0.103,0.147,0.091,0.148,0.111,0.099,0.096,0.181,0.142,,,0.06133828996,0.09210526316,0.1059907834,0.05607476636,0.1073059361,0.1,0.1,0.12,0.09,0.08,0.1,0.11,0.08,0.1,0.09,0.08,0.07,0.07,0.1,0.07,0.07,0.07,0.07,0.06,0.07,0.08,0.08,0.11,0.13,0.11,0.11,0.13,0.09,0.08,0.12,0.14,0.09,0.1,0.16,0.11,0.09,0.14,0.13,0.12,0.09,0.09,0.08,0.11,0.09,0.13,0.15,0.11,0.12
Эмоциональное восприятие (пары высказываний),Умиротворяющий,,0.5956584485,0.444,0.513,0.608,0.742,0.574,0.587,0.587,0.594,0.645,0.605,0.508,0.581,,,0.5371747212,0.484962406,0.5460829493,0.6425233645,0.5273972603,0.54,0.57,0.5,0.55,0.5,0.55,0.55,0.6,0.5,0.5,0.62,0.64,0.64,0.6,0.65,0.61,0.62,0.57,0.6,0.61,0.57,0.59,0.58,0.53,0.46,0.42,0.59,0.57,0.6,0.58,0.66,0.58,0.68,0.7,0.69,0.7,0.69,0.7,0.71,0.68,0.61,0.68,0.61,0.72,0.6,0.64,0.59,0.59
,Вызывающий беспокойство,,0.0986533052,0.243,0.115,0.123,0.067,0.135,0.114,0.117,0.092,0.126,0.096,0.141,0.138,,,0.1152416357,0.1804511278,0.1082949309,0.06308411215,0.102739726,0.09,0.09,0.12,0.08,0.11,0.11,0.11,0.08,0.13,0.12,0.04,0.08,0.09,0.09,0.06,0.08,0.09,0.1,0.08,0.06,0.09,0.11,0.1,0.11,0.14,0.21,0.11,0.11,0.09,0.08,0.09,0.1,0.08,0.07,0.07,0.09,0.07,0.05,0.04,0.09,0.11,0.09,0.1,0.08,0.09,0.09,0.12,0.09
Эмоциональное восприятие (пары высказываний),Выделяющийся,,0.6409363167,0.683,0.636,0.669,0.679,0.571,0.644,0.564,0.628,0.687,0.659,0.605,0.593,,,0.687732342,0.6541353383,0.5783410138,0.6565420561,0.598173516,0.63,0.66,0.58,0.62,0.57,0.64,0.55,0.63,0.59,0.6,0.66,0.63,0.7,0.67,0.69,0.71,0.75,0.71,0.66,0.7,0.68,0.67,0.65,0.58,0.58,0.59,0.67,0.68,0.67,0.59,0.67,0.64,0.61,0.65,0.67,0.68,0.56,0.59,0.65,0.65,0.69,0.65,0.67,0.71,0.62,0.6,0.63,0.66
,Заурядный,,0.1761404208,0.158,0.138,0.181,0.139,0.19,0.159,0.227,0.184,0.153,0.165,0.19,0.191,,,0.1449814126,0.1654135338,0.1843317972,0.1471962617,0.1940639269,0.16,0.14,0.17,0.18,0.19,0.16,0.21,0.14,0.17,0.17,0.15,0.16,0.17,0.15,0.14,0.12,0.12,0.12,0.18,0.12,0.16,0.16,0.19,0.19,0.18,0.19,0.16,0.13,0.18,0.23,0.16,0.19,0.23,0.19,0.2,0.17,0.24,0.26,0.2,0.18,0.21,0.21,0.18,0.16,0.19,0.27,0.21,0.18
,База,,354.4090909,259,269,260,302,301,300,304,303,301,300,305,296,200,181,538,532,434,428,438,414,435,424,412,408,418,409,411,399,405,431,420,252,406,431,425,513,417,413,410,424,403,448,410,417,455,398,425,244,224,221,248,275,257,310,303,304,310,282,225,231,234,231,240,230,233,582,582
,Ссылка на ролик,,,https://rutube.ru/video/private/59e4a9d013243194a2c7a6fb299d49e8/?p=mb43DJQBV9bxv1OFtYfBjA,https://rutube.ru/video/private/dacf60e83485092acbdbe4ba146db148/?p=qlq7sGgywmeQMvHhbExKeA,https://rutube.ru/video/private/e2e916cf1bdcbf98b8b0ddf93a24ed48/?p=7i2b4FQO8XHm6e1ZVjWhsw,https://rutube.ru/video/private/dca6c03d5b6a605ea429b504acc3de65/?p=jlBjs4VhF4G3qYAIV5F4TQ,https://rutube.ru/video/private/b25cce71d98b9380058a5481c96ef663/?p=NzRx_amyX6dT1bduex6RUA,https://rutube.ru/video/private/476ed65bb0c669bdca427aac113182e9/?p=flR2eOpLlidsD8jLKzB5JA,https://rutube.ru/video/private/ad1c6ac0bde77eddcc92f347c0ee2e4b/?p=9xd7nb7MjpLwKHTs-MOsEw,https://rutube.ru/video/private/e5ad3da810893c61aadbe7427d4a7f99/?p=PNE1bwddjsBL6kShUazxRw,https://rutube.ru/video/private/68cd6d2b09ba3d3b8f6ed1a50238e383/?p=eEVbPmAQ6SXhZoGOu2nXNg,https://rutube.ru/video/private/66398fdfd4214b2a3d73a0bd50da16b2/?p=aUsKlkz4zsknZ-KRxmSAAg,https://rutube.ru/video/private/315b6643e5a0fde45130768a4ab388b0/?p=AjTSwPFlAWZUaExiXWG8pQ,https://rutube.ru/video/private/8386676aeef523c2ec1bfb4431908cfe/?p=QrKjoQbR8OSZPQqICb0uIQ, https://youtu.be/OaSS_7fiNjo, https://youtu.be/wa8LD13ZH_Q,,,,,,https://rutube.ru/video/private/d44e98dda41778a8cbab9085b0c467ed/?p=5UtweU61JEFwG2XLwVqdfg,https://rutube.ru/video/private/c2e060a3b1fcc684302615dc6d21bdcd/?p=HfuGyXS0vtpEZeCv_4_4rQ,,,,,,,,,,,https://rutube.ru/video/private/0edf4aa400fb72ae7f4100230a6f3f31/?p=h_3Kagq0qzlGqx6JitxAgQ,,https://rutube.ru/video/private/0bded83101d4e5a42e567ede925655e9/?r=wd,https://rutube.ru/video/private/5f7527fb9352708e7911fd6e3f1b26f5/?r=wd,https://rutube.ru/video/private/153c2851c211a607442d966f49ba0098/?r=wd,https://rutube.ru/video/private/e18e5ab20b6263aa55addd8a0d57203d/?r=wd,https://rutube.ru/video/private/2eca7302da5f81db6c192ddc79b57e01/?r=wd,https://rutube.ru/video/private/837f37ed7a907f3c74a54cad07fb158c/?r=wd,https://rutube.ru/video/private/0fee2b044a2afcc85907370ce2bbc4a2/?r=wd,https://rutube.ru/video/private/8a2cf058087809451bf250026db5ef32/?r=wd,https://rutube.ru/video/private/551c1433728b5e0d2e018fc15ab002ea/?r=wd,https://rutube.ru/video/private/c48cde587aa166e23d6169c9b1222186/?r=wd,https://rutube.ru/video/private/61311b769554a89f33b158f362e67f09/?r=wd,https://rutube.ru/video/private/55ed0dba4ad21eaae8d2e9b10829a596/?r=wd,https://rutube.ru/video/private/55ed0dba4ad21eaae8d2e9b10829a596/?r=wd,https://rutube.ru/video/c48cde587aa166e23d6169c9b1222186/?utm_source=embed&utm_medium=referral&utm_campaign=main_logo&utm_content=c48cde587aa166e23d6169c9b1222186&utm_term=surveys.yandex.ru&t=0&p=tYz7U0VypQi9zWwfJ6Nrhw,,,,,,,,,,,,https://rutube.ru/video/private/09871b274791d0ebe954c8a457f10a4c/?p=hVW8_9EJLLpEtYhsyCQoAg,https://rutube.ru/video/private/565c74638733493c26dd46fa9ba4a13a/?p=ImM-Ou2sVMuc_NbW6T6tfA,https://rutube.ru/video/private/343266bab24a59b4be87daa106b374be/?p=KJtvIb_tVPX2L78wW5ammA,https://rutube.ru/video/private/231758b346743a42e0a17371133a1093/?p=TnvsH-MPGh9H6-TKx9SYiA,https://rutube.ru/video/private/bbbc0ae3270f9100381c102b0dbd1937/?p=5DXsRCImieQvJEgixqYD_w,https://rutube.ru/video/private/16eae9e9bc2892bc0ee11fdf56772be3/?p=skYDH7uR2tY-kxGGMqnIHg,https://rutube.ru/video/private/29fcf2d7a44c615225087c89429efea2/?p=ZI57vYqyXz5sunP9KlagTQ,https://rutube.ru/video/private/46ed5890319ee85f29b48394057e5a85/?p=aXnKlYjSe0sKXwlPHWEbxg,https://rutube.ru/video/private/fc5b06da92c99aaaf9806892945c0927/?p=Aaf6ybwAvq-SndoEr6tgEg